{
    "users/profile": "http://localhost/nextv2/mainapps/novabloom/terminal/home?check_autoload=Li4vYXBwZG5hL25vdmFibG9vbS9hcHBfdXNlcnMvUGxhdGZvcm0gdXNlciBsaXN0X2JsdWVwcmludC5EbmFhZg==",
    "users/list": "http://localhost/nextv2/mainapps/novabloom/terminal/home?check_autoload=Li4vYXBwZG5hL25vdmFibG9vbS9hcHBfdXNlcnMvUGxhdGZvcm0gdXNlciBsaXN0X2JsdWVwcmludC5EbmFhZg==",
    "subscriptions/profile": "http://localhost/nextv2/mainapps/novabloom/terminal/home?check_autoload=Li4vYXBwZG5hL25vdmFibG9vbS9zdWJzY3JpcHRpb25zL1N1YnNjcmlwdGlvbnNfYmx1ZXByaW50LkRuYWFm",
    "subscriptions/list": "http://localhost/nextv2/mainapps/novabloom/terminal/home?check_autoload=Li4vYXBwZG5hL25vdmFibG9vbS9zdWJzY3JpcHRpb25zL1N1YnNjcmlwdGlvbnNfYmx1ZXByaW50LkRuYWFm",
    "orders/profile": "http://localhost/nextv2/mainapps/novabloom/terminal/home?check_autoload=Li4vYXBwZG5hL25vdmFibG9vbS9vcmRlcnMvT3JkZXJzX2JsdWVwcmludC5EbmFhZg==",
    "orders/list": "http://localhost/nextv2/mainapps/novabloom/terminal/home?check_autoload=Li4vYXBwZG5hL25vdmFibG9vbS9vcmRlcnMvT3JkZXJzX2JsdWVwcmludC5EbmFhZg==",
    "payments/profile": "http://localhost/nextv2/mainapps/novabloom/terminal/home?check_autoload=Li4vYXBwZG5hL25vdmFibG9vbS9wYXltZW50cy9QYXltZW50c19ibHVlcHJpbnQuRG5hYWY=",
    "payments/list": "http://localhost/nextv2/mainapps/novabloom/terminal/home?check_autoload=Li4vYXBwZG5hL25vdmFibG9vbS9wYXltZW50cy9QYXltZW50c19ibHVlcHJpbnQuRG5hYWY=",
    "assets/profile": "http://localhost/nextv2/mainapps/novabloom/terminal/home?check_autoload=Li4vYXBwZG5hL25vdmFibG9vbS9hc3NldHMvRGlnaXRhbCBBc3NldCBMaXN0X2JsdWVwcmludC5EbmFhZg==",
    "assets/list": "http://localhost/nextv2/mainapps/novabloom/terminal/home?check_autoload=Li4vYXBwZG5hL25vdmFibG9vbS9hc3NldHMvRGlnaXRhbCBBc3NldCBMaXN0X2JsdWVwcmludC5EbmFhZg==",
    "asset_pricing/profile": "http://localhost/nextv2/mainapps/novabloom/terminal/home?check_autoload=Li4vYXBwZG5hL25vdmFibG9vbS9hc3NldF9wcmljaW5nL0Fzc2V0IHByaWNpbmdfYmx1ZXByaW50LkRuYWFm",
    "asset_pricing/list": "http://localhost/nextv2/mainapps/novabloom/terminal/home?check_autoload=Li4vYXBwZG5hL25vdmFibG9vbS9hc3NldF9wcmljaW5nL0Fzc2V0IHByaWNpbmdfYmx1ZXByaW50LkRuYWFm",
    "managepricing/profile": "http://localhost/nextv2/mainapps/novabloom/terminal/home?check_autoload=Li4vYXBwZG5hL25vdmFibG9vbS9hc3NldF9wcmljaW5nL01hbmFnZSBBc3NldCBQcmljaW5nX2JsdWVwcmludC5EbmFhZg==",
    "managepricing/list": "http://localhost/nextv2/mainapps/novabloom/terminal/home?check_autoload=Li4vYXBwZG5hL25vdmFibG9vbS9hc3NldF9wcmljaW5nL01hbmFnZSBBc3NldCBQcmljaW5nX2JsdWVwcmludC5EbmFhZg==",
    "messages/profile": "http://localhost/nextv2/mainapps/novabloom/terminal/home?check_autoload=Li4vYXBwZG5hL25vdmFibG9vbS9zZW50X21lc3NhZ2VzL1NlbnQgTWVzc2FnZXNfYmx1ZXByaW50LkRuYWFm",
    "messages/list": "http://localhost/nextv2/mainapps/novabloom/terminal/home?check_autoload=Li4vYXBwZG5hL25vdmFibG9vbS9zZW50X21lc3NhZ2VzL1NlbnQgTWVzc2FnZXNfYmx1ZXByaW50LkRuYWFm",
    "inactiveusers/profile": "http://localhost/nextv2/mainapps/novabloom/terminal/home?check_autoload=Li4vYXBwZG5hL25vdmFibG9vbS9hcHBfdXNlcnMvSW5hY3RpdmUgdXNlcnNfYmx1ZXByaW50LkRuYWFm",
    "inactiveusers/list": "http://localhost/nextv2/mainapps/novabloom/terminal/home?check_autoload=Li4vYXBwZG5hL25vdmFibG9vbS9hcHBfdXNlcnMvSW5hY3RpdmUgdXNlcnNfYmx1ZXByaW50LkRuYWFm",
    "activeusers/profile": "http://localhost/nextv2/mainapps/novabloom/terminal/home?check_autoload=Li4vYXBwZG5hL25vdmFibG9vbS9hcHBfdXNlcnMvQWN0aXZlIHVzZXJzX2JsdWVwcmludC5EbmFhZg==",
    "activeusers/list": "http://localhost/nextv2/mainapps/novabloom/terminal/home?check_autoload=Li4vYXBwZG5hL25vdmFibG9vbS9hcHBfdXNlcnMvQWN0aXZlIHVzZXJzX2JsdWVwcmludC5EbmFhZg==",
    "activeusers/activeprofile": "http://localhost/nextv2/mainapps/novabloom/terminal/home?check_autoload=Li4vYXBwZG5hL25vdmFibG9vbS9hcHBfdXNlcnMvQWN0aXZlIHVzZXJzX2JsdWVwcmludC5EbmFhZg==",
    "activeusers/active": "http://localhost/nextv2/mainapps/novabloom/terminal/home?check_autoload=Li4vYXBwZG5hL25vdmFibG9vbS9hcHBfdXNlcnMvQWN0aXZlIHVzZXJzX2JsdWVwcmludC5EbmFhZg==",
    "users/activeprofile": "http://localhost/nextv2/mainapps/novabloom/terminal/home?check_autoload=Li4vYXBwZG5hL25vdmFibG9vbS9hcHBfdXNlcnMvQWN0aXZlIHVzZXJzX2JsdWVwcmludC5EbmFhZg==",
    "users/active": "http://localhost/nextv2/mainapps/novabloom/terminal/home?check_autoload=Li4vYXBwZG5hL25vdmFibG9vbS9hcHBfdXNlcnMvQWN0aXZlIHVzZXJzX2JsdWVwcmludC5EbmFhZg==",
    "users/inactive": "http://localhost/nextv2/mainapps/novabloom/terminal/home?check_autoload=Li4vYXBwZG5hL25vdmFibG9vbS9hcHBfdXNlcnMvSW5hY3RpdmUgdXNlcnNfYmx1ZXByaW50LkRuYWFm",
    "users/viewdormant": "http://localhost/nextv2/mainapps/novabloom/terminal/home?check_autoload=Li4vYXBwZG5hL25vdmFibG9vbS9hcHBfdXNlcnMvSW5hY3RpdmUgdXNlcnNfYmx1ZXByaW50LkRuYWFm",
    "users/dormarntusers": "http://localhost/nextv2/mainapps/novabloom/terminal/home?check_autoload=Li4vYXBwZG5hL25vdmFibG9vbS9hcHBfdXNlcnMvSW5hY3RpdmUgdXNlcnNfYmx1ZXByaW50LkRuYWFm",
    "users/viewactive": "http://localhost/nextv2/mainapps/novabloom/terminal/home?check_autoload=Li4vYXBwZG5hL25vdmFibG9vbS9hcHBfdXNlcnMvQWN0aXZlIGFwcCB1c2Vyc19ibHVlcHJpbnQuRG5hYWY=",
    "users/activelist": "http://localhost/nextv2/mainapps/novabloom/terminal/home?check_autoload=Li4vYXBwZG5hL25vdmFibG9vbS9hcHBfdXNlcnMvQWN0aXZlIGFwcCB1c2Vyc19ibHVlcHJpbnQuRG5hYWY=",
    "users/customassetsprof": "http://localhost/nextv2/mainapps/novabloom/terminal/home?check_autoload=Li4vYXBwZG5hL25vdmFibG9vbS9hcHBfdXNlcnMvUGxhdGZvcm0gdXNlciBsaXN0X2JsdWVwcmludC5EbmFhZg==",
    "users/customassetslist": "http://localhost/nextv2/mainapps/novabloom/terminal/home?check_autoload=Li4vYXBwZG5hL25vdmFibG9vbS9hcHBfdXNlcnMvUGxhdGZvcm0gdXNlciBsaXN0X2JsdWVwcmludC5EbmFhZg==",
    "invoices/profile": "http://localhost/nextv2/mainapps/novabloom/terminal/home?check_autoload=Li4vYXBwZG5hL25vdmFibG9vbS9pbnZvaWNlcy9JbnZvaWNlc19ibHVlcHJpbnQuRG5hYWY=",
    "invoices/list": "http://localhost/nextv2/mainapps/novabloom/terminal/home?check_autoload=Li4vYXBwZG5hL25vdmFibG9vbS9pbnZvaWNlcy9JbnZvaWNlc19ibHVlcHJpbnQuRG5hYWY=",
    "subscriptions/generateinvoiceprof": "http://localhost/nextv2/mainapps/novabloom/terminal/home?check_autoload=Li4vYXBwZG5hL25vdmFibG9vbS9zdWJzY3JpcHRpb25zL1NlbGVjdCBzdWJzY3JpcHRpb24gdG8gaW52b2ljZV9ibHVlcHJpbnQuRG5hYWY=",
    "subscriptions/generateinvoice": "http://localhost/nextv2/mainapps/novabloom/terminal/home?check_autoload=Li4vYXBwZG5hL25vdmFibG9vbS9zdWJzY3JpcHRpb25zL1NlbGVjdCBzdWJzY3JpcHRpb24gdG8gaW52b2ljZV9ibHVlcHJpbnQuRG5hYWY=",
    "users/apiprofile": "http://localhost/nextv2/mainapps/novabloom/terminal/home?check_autoload=Li4vYXBwZG5hL25vdmFibG9vbS9hcHBfdXNlcnMvQVBJIHVzZXIgbGlzdF9ibHVlcHJpbnQuRG5hYWY=",
    "users/apilist": "http://localhost/nextv2/mainapps/novabloom/terminal/home?check_autoload=Li4vYXBwZG5hL25vdmFibG9vbS9hcHBfdXNlcnMvQVBJIHVzZXIgbGlzdF9ibHVlcHJpbnQuRG5hYWY="
}