{
    "clienttransactions/profile": "http://localhost/nextv2/mainapps/blueribbon/terminal/home?check_autoload=Li4vYXBwZG5hL2JsdWVyaWJib24vdHJhbnNhY3Rpb25zL0NsaWVudCBUcmFuc2FjdGlvbnMgSGlzdG9yeV9ibHVlcHJpbnQuRG5hYWY=",
    "clienttransactions/list": "http://localhost/nextv2/mainapps/blueribbon/terminal/home?check_autoload=Li4vYXBwZG5hL2JsdWVyaWJib24vdHJhbnNhY3Rpb25zL0NsaWVudCBUcmFuc2FjdGlvbnMgSGlzdG9yeV9ibHVlcHJpbnQuRG5hYWY=",
    "paymentreport/profile": "http://localhost/nextv2/mainapps/blueribbon/terminal/home?check_autoload=Li4vYXBwZG5hL2JsdWVyaWJib24vdHJhbnNhY3Rpb25zL1BheW1lbnQgUmVwb3J0X2JsdWVwcmludC5EbmFhZg==",
    "paymentreport/list": "http://localhost/nextv2/mainapps/blueribbon/terminal/home?check_autoload=Li4vYXBwZG5hL2JsdWVyaWJib24vdHJhbnNhY3Rpb25zL1BheW1lbnQgUmVwb3J0X2JsdWVwcmludC5EbmFhZg==",
    "transactions/profile": "http://localhost/nextv2/mainapps/blueribbon/terminal/home?check_autoload=Li4vYXBwZG5hL2JsdWVyaWJib24vdHJhbnNhY3Rpb25zL1RyYW5zYWN0aW9uc19ibHVlcHJpbnQuRG5hYWY=",
    "transactions/list": "http://localhost/nextv2/mainapps/blueribbon/terminal/home?check_autoload=Li4vYXBwZG5hL2JsdWVyaWJib24vdHJhbnNhY3Rpb25zL1RyYW5zYWN0aW9uc19ibHVlcHJpbnQuRG5hYWY=",
    "clientdata/profile": "http://localhost/nextv2/mainapps/blueribbon/terminal/home?check_autoload=Li4vYXBwZG5hL2JsdWVyaWJib24vY2xpZW50cy9DbGllbnRzIG92ZXJ2aWV3X2JsdWVwcmludC5EbmFhZg==",
    "clientdata/list": "http://localhost/nextv2/mainapps/blueribbon/terminal/home?check_autoload=Li4vYXBwZG5hL2JsdWVyaWJib24vY2xpZW50cy9DbGllbnRzIG92ZXJ2aWV3X2JsdWVwcmludC5EbmFhZg==",
    "internetplans/profile": "http://localhost/nextv2/mainapps/blueribbon/terminal/home?check_autoload=Li4vYXBwZG5hL2JsdWVyaWJib24vaW50ZXJuZXRfcGFja2FnZXMvSW50ZXJuZXQgUGFja2FnZXMgTWFuYWdlbWVudF9ibHVlcHJpbnQuRG5hYWY=",
    "internetplans/list": "http://localhost/nextv2/mainapps/blueribbon/terminal/home?check_autoload=Li4vYXBwZG5hL2JsdWVyaWJib24vaW50ZXJuZXRfcGFja2FnZXMvSW50ZXJuZXQgUGFja2FnZXMgTWFuYWdlbWVudF9ibHVlcHJpbnQuRG5hYWY="
}