{
    "myinvoices": {
        "base": "/api/appcompass/myinvoices/myinvoices",
        "delete": "/api/appcompass/myinvoices/delete"
    },
    "clientlist": {
        "base": "/api/appcompass/clients/clientlist",
        "delete": "/api/appcompass/clients/delete"
    },
    "leadsmanagement": {
        "base": "/api/appcompass/myleads/leadsmanagement",
        "delete": "/api/appcompass/myleads/delete"
    },
    "uploadleadsdata": {
        "base": "/api/appcompass/leads/uploadleadsdata",
        "delete": "/api/appcompass/leads/delete"
    },
    "managecalls": {
        "base": "/api/appcompass/calls/managecalls",
        "delete": "/api/appcompass/calls/delete"
    },
    "managecallrecords": {
        "base": "/api/appcompass/calls/managecallrecords",
        "delete": "/api/appcompass/calls/delete"
    },
    "callhistory": {
        "base": "/api/appcompass/callhistory/callhistory",
        "delete": "/api/appcompass/callhistory/delete"
    }
}