{
    "smsmessages": {
        "base": "/api/dsgportal/smsbox/smsmessages",
        "delete": "/api/dsgportal/smsbox/delete"
    },
    "appcore": {
        "sendsms": "https://asanetic.com/sms/sendsms"
    },
    "myaccount": {
        "base": "/api/dairysacco/accounts/myaccount",
        "delete": "/api/dairysacco/accounts/delete"
    },
    "allclients": {
        "base": "/api/blueribbon/clientslist/allclients",
        "delete": "/api/blueribbon/clientslist/delete"
    },
    "farmerscollectionhistory": {
        "base": "/api/blueribbon/farmercollections/farmerscollectionhistory",
        "delete": "/api/blueribbon/farmercollections/delete"
    },
    "accountrenewals": {
        "base": "/api/blueribbon/renewals/accountrenewals",
        "delete": "/api/blueribbon/renewals/delete"
    },
    "internetpackages": {
        "base": "/api/blueribbon/internet_packages_tbl/internetpackages",
        "delete": "/api/blueribbon/internet_packages_tbl/delete"
    },
    "": {
        "base": "/api/blueribbon//",
        "delete": "/api/blueribbon//delete"
    },
    "clientsmanagement": {
        "base": "/api/blueribbon/clientrecords/clientsmanagement",
        "delete": "/api/blueribbon/clientrecords/delete"
    },
    "transactions": {
        "base": "/api/blueribbon/transactions/transactions",
        "delete": "/api/blueribbon/transactions/delete"
    },
    "paymentreport": {
        "base": "/api/blueribbon/paymentreport/paymentreport",
        "delete": "/api/blueribbon/paymentreport/delete"
    },
    "clienttransactionshistory": {
        "base": "/api/blueribbon/clienttransactions/clienttransactionshistory",
        "delete": "/api/blueribbon/clienttransactions/delete"
    },
    "accrenewals": {
        "base": "/api/blueribbon/acc_renewals/accrenewals",
        "delete": "/api/blueribbon/acc_renewals/delete"
    },
    "clientsoverview": {
        "base": "/api/blueribbon/clientdata/clientsoverview",
        "delete": "/api/blueribbon/clientdata/delete",
        "import": "/api/blueribbon/clientdata/clientsoverview/import"
    },
    "farmerscollectionhistoryblueprint": {
        "base": "/api/blueribbon/Farmers collection history_blueprint/farmerscollectionhistoryblueprint",
        "delete": "/api/blueribbon/Farmers collection history_blueprint/delete"
    },
    "internetpackagesmanagement": {
        "base": "/api/blueribbon/internetplans/internetpackagesmanagement",
        "delete": "/api/blueribbon/internetplans/delete",
        "import": "/api/blueribbon/internetplans/internetpackagesmanagement/import"
    }
}