{
    "openapi": "3.0.0",
    "info": {
        "title": "Orders API",
        "version": "1.0.0"
    },
    "paths": {
        "api/novabloomv3/orders/orders": {
            "get": {
                "summary": "Get Orders",
                "parameters": [
                    {
                        "name": "searchAny",
                        "in": "query",
                        "schema": {
                            "type": "string"
                        },
                        "description": "Base64 search value"
                    }
                ],
                "responses": {
                    "200": {
                        "description": "Successful response"
                    }
                }
            },
            "post": {
                "summary": "Create Orders",
                "requestBody": {
                    "required": true,
                    "content": {
                        "application/json": {
                            "schema": {
                                "type": "object",
                                "properties": {
                                    "account_id": {
                                        "type": "string",
                                        "description": "Account id"
                                    },
                                    "order_status": {
                                        "type": "string",
                                        "description": "Order status"
                                    },
                                    "total_amount": {
                                        "type": "string",
                                        "description": "Total amount"
                                    },
                                    "currency": {
                                        "type": "string",
                                        "description": "Currency"
                                    },
                                    "created_at": {
                                        "type": "string",
                                        "description": "Created at"
                                    }
                                }
                            }
                        }
                    }
                },
                "responses": {
                    "200": {
                        "description": "Created successfully"
                    }
                }
            },
            "put": {
                "summary": "Update Orders",
                "requestBody": {
                    "required": true,
                    "content": {
                        "application/json": {
                            "schema": {
                                "type": "object",
                                "properties": {
                                    "account_id": {
                                        "type": "string",
                                        "description": "Account id"
                                    },
                                    "order_status": {
                                        "type": "string",
                                        "description": "Order status"
                                    },
                                    "total_amount": {
                                        "type": "string",
                                        "description": "Total amount"
                                    },
                                    "currency": {
                                        "type": "string",
                                        "description": "Currency"
                                    },
                                    "created_at": {
                                        "type": "string",
                                        "description": "Created at"
                                    },
                                    "Node": {
                                        "type": "string",
                                        "description": " Orders id to update "
                                    }
                                }
                            }
                        }
                    }
                },
                "responses": {
                    "200": {
                        "description": "Updated successfully"
                    }
                }
            }
        }
    }
}